{
  "version": 1,
  "author": "Sai Pavan D",
  "editor": "wokwi",
  "parts": [
    {
      "type": "board-pi-pico-w",
      "id": "pico",
      "top": -22.45,
      "left": -130.85,
      "attrs": { "env": "micropython-20241129-v1.24.1" }
    },
    { "type": "wokwi-pir-motion-sensor", "id": "pir1", "top": -130.4, "left": 2.22, "attrs": {} },
    {
      "type": "wokwi-pushbutton",
      "id": "btn1",
      "top": -51.4,
      "left": -268.8,
      "attrs": { "color": "yellow", "xray": "1" }
    },
    {
      "type": "wokwi-pushbutton",
      "id": "btn2",
      "top": 73.4,
      "left": -288,
      "attrs": { "color": "blue", "xray": "1" }
    },
    {
      "type": "wokwi-pushbutton",
      "id": "btn3",
      "top": 227,
      "left": -288,
      "attrs": { "color": "red", "xray": "1" }
    },
    {
      "type": "wokwi-pushbutton",
      "id": "btn4",
      "top": 150.2,
      "left": -288,
      "attrs": { "color": "green", "xray": "1" }
    },
    {
      "type": "board-ssd1306",
      "id": "oled1",
      "top": 243.14,
      "left": 269.03,
      "attrs": { "i2cAddress": "0x3c" }
    },
    { "type": "wokwi-led", "id": "led1", "top": -118.8, "left": 215, "attrs": { "color": "red" } }
  ],
  "connections": [
    [ "pir1:VCC", "pico:3V3", "red", [ "v19.2", "h-86.4" ] ],
    [ "pir1:GND", "pico:GND.5", "black", [ "v144", "h-105.86" ] ],
    [ "btn1:1.r", "pico:3V3", "gold", [ "v-48", "h134.6" ] ],
    [ "btn1:2.l", "pico:GP14", "green", [ "h124.8", "v134.6" ] ],
    [ "btn3:1.r", "pico:GP13", "red", [ "v57.6", "h86.6" ] ],
    [ "btn4:1.r", "pico:GP12", "green", [ "v-28.8", "h96.2" ] ],
    [ "btn2:1.r", "pico:GP11", "blue", [ "v38.4", "h96.2" ] ],
    [ "pir1:OUT", "pico:GP15", "green", [ "v211.2", "h-172.94" ] ],
    [
      "btn2:2.l",
      "pico:3V3",
      "green",
      [ "h-28.8", "v-76.6", "h9.6", "v-163.2", "h307.2", "v153.6" ]
    ],
    [ "btn4:2.l", "pico:3V3", "green", [ "h-76.8", "v-374.2", "h480", "v211.2" ] ],
    [ "btn3:2.l", "pico:3V3", "green", [ "h-67.2", "v67.4", "h518.4", "v-297.6" ] ],
    [ "oled1:VCC", "pico:3V3", "red", [ "v0" ] ],
    [ "oled1:GND", "pico:GND.5", "black", [ "v0" ] ],
    [ "led1:A", "pico:GP10", "gold", [ "v0" ] ],
    [ "led1:C", "pico:GND.5", "black", [ "v0" ] ],
    [ "oled1:SDA", "pico:GP2", "green", [ "v0" ] ],
    [ "oled1:SCL", "pico:GP3", "green", [ "v0" ] ]
  ],
  "dependencies": {}
}